Club,Game Played,W,D,L,+/-,Year,Pts,Pts Diff,Goal For,GF Diff,Goal Against,GA Diff,Expenditure,Arrivals,Income,Departures,Balance
Arsenal,38,28,5,5,62,2023,89,5.0,91,3.0,29,-14.0,€234.94m,18.0,€69.20m,19.0,-165740000.0
Arsenal,38,26,6,6,45,2022,84,15.0,88,27.0,43,-5.0,€421.34m,40.0,€93.00m,34.0,-328340000.0
Arsenal,38,22,3,13,13,2021,69,8.0,61,6.0,48,9.0,€353.80m,38.0,€55.20m,38.0,-298600000.0
Arsenal,38,18,7,13,16,2020,61,5.0,55,-1.0,39,-9.0,€253.40m,29.0,€50.55m,36.0,-202850000.0
Arsenal,38,14,14,10,8,2019,56,-14.0,56,-17.0,48,-3.0,€246.80m,32.0,€72.80m,35.0,-174000000.0
Arsenal,38,21,7,10,22,2018,70,7.0,73,-1.0,51,-0.0,€240.95m,33.0,€62.75m,31.0,-178200000.0
Arsenal,38,19,6,13,23,2017,63,-12.0,74,-3.0,51,7.0,€233.00m,27.0,€171.50m,28.0,-61500000.0
Arsenal,38,23,6,9,33,2016,75,4.0,77,12.0,44,8.0,€265.85m,21.0,€172.75m,28.0,-93100000.0
Arsenal,38,20,11,7,29,2015,71,-4.0,65,-6.0,36,-0.0,€139.50m,26.0,€12.85m,24.0,-126650000.0
Arsenal,38,22,9,7,35,2014,75,-4.0,71,3.0,36,-5.0,€145.48m,33.0,€30.30m,34.0,-115180000.0
Arsenal,38,24,7,7,27,2013,79,6.0,68,-4.0,41,4.0,€168.23m,39.0,€39.95m,44.0,-128280000.0
Arsenal,38,21,10,7,35,2012,73,3.0,72,-2.0,37,-12.0,€105.25m,37.0,€78.00m,40.0,-27250000.0
Arsenal,38,21,7,10,25,2011,70,2.0,74,2.0,49,6.0,€121.48m,49.0,€144.14m,44.0,22670000.0
Arsenal,38,19,11,8,29,2010,68,-7.0,72,-11.0,43,2.0,€88.48m,51.0,€86.39m,48.0,-2089999.0
Arsenal,38,23,6,9,42,2009,75,3.0,83,15.0,41,4.0,€35.00m,31.0,€55.80m,35.0,20800000.0
Arsenal,38,20,12,6,31,2008,72,-11.0,68,-6.0,37,6.0,€52.15m,28.0,€73.50m,24.0,21350000.0
Arsenal,38,24,11,3,43,2007,83,15.0,74,11.0,31,-4.0,€71.10m,32.0,€82.53m,29.0,11430000.0
Arsenal,38,19,11,8,28,2006,68,1.0,63,-5.0,35,4.0,€45.95m,32.0,€69.65m,36.0,23700000.0
Arsenal,38,20,7,11,37,2005,67,-16.0,68,-19.0,31,-5.0,€61.00m,32.0,€37.93m,36.0,-23080000.0
Arsenal,38,25,8,5,51,2004,83,-7.0,87,14.0,36,10.0,€58.48m,39.0,€28.90m,37.0,-29580000.0
Arsenal,38,26,12,0,47,2003,90,12.0,73,-12.0,26,-16.0,€39.90m,40.0,€4.95m,41.0,-34950000.0
Arsenal,38,23,9,6,43,2002,78,-9.0,85,6.0,42,6.0,€40.25m,32.0,€9.27m,41.0,-30980000.0
Arsenal,38,26,9,3,43,2001,87,17.0,79,16.0,36,-2.0,€45.51m,35.0,€20.22m,34.0,-25290000.0
Arsenal,38,20,10,8,25,2000,70,-3.0,63,-10.0,38,-5.0,€88.99m,44.0,€61.53m,35.0,-27460000.0
Arsenal,38,22,7,9,30,1999,73,-5.0,73,14.0,43,26.0,€81.70m,40.0,€91.08m,40.0,9380000.0
Arsenal,38,22,12,4,42,1998,78,-0.0,59,-9.0,17,-16.0,€41.35m,32.0,€42.30m,31.0,950000.0
Arsenal,38,23,9,6,35,1997,78,10.0,68,6.0,33,1.0,€37.98m,31.0,€9.17m,24.0,-28810000.0
Arsenal,38,19,11,8,30,1996,68,5.0,62,13.0,32,-0.0,€28.14m,24.0,€16.57m,27.0,-11570000.0
Arsenal,38,17,12,9,17,1995,63,12.0,49,-3.0,32,-17.0,€24.46m,15.0,€10.35m,20.0,-14120000.0
Arsenal,42,13,12,17,3,1994,51,-20.0,52,-1.0,49,21.0,€25.53m,19.0,€6.90m,13.0,-18630000.0
Arsenal,42,18,17,7,25,1993,71,,53,,28,,€8.46m,17.0,€6.98m,16.0,-1480000.0
Aston Villa,38,20,8,10,15,2023,68,7.0,76,25.0,61,15.0,€111.50m,20.0,€36.55m,18.0,-74950000.0
Aston Villa,38,18,7,13,5,2022,61,16.0,51,-1.0,46,-8.0,€211.64m,39.0,€86.55m,37.0,-125090000.0
Aston Villa,38,13,6,19,-2,2021,45,-10.0,52,-3.0,54,8.0,€229.94m,45.0,€181.00m,40.0,-48940000.0
Aston Villa,38,16,7,15,9,2020,55,20.0,55,14.0,46,-21.0,€231.15m,34.0,€129.77m,33.0,-101380000.0
Aston Villa,38,9,8,21,-26,2019,35,,41,14.0,67,-9.0,€260.85m,34.0,€5.77m,37.0,-255080000.0
Aston Villa,38,3,8,27,-49,2015,17,-21.0,27,-4.0,76,19.0,€152.05m,51.0,€110.50m,57.0,-41550000.0
Aston Villa,38,10,8,20,-26,2014,38,-0.0,31,-8.0,57,-4.0,€80.00m,58.0,€66.02m,64.0,-13990000.0
Aston Villa,38,10,8,20,-22,2013,38,-3.0,39,-8.0,61,-8.0,€33.29m,63.0,€9.42m,61.0,-23880000.0
Aston Villa,38,10,11,17,-22,2012,41,3.0,47,10.0,69,16.0,€47.67m,52.0,€11.30m,41.0,-36370000.0
Aston Villa,38,7,17,14,-16,2011,38,-10.0,37,-11.0,53,-6.0,€48.17m,38.0,€46.95m,37.0,-1220000.0
Aston Villa,38,12,12,14,-11,2010,48,-16.0,48,-4.0,59,20.0,€57.74m,40.0,€72.15m,45.0,14410000.0
Aston Villa,38,17,13,8,13,2009,64,2.0,52,-2.0,39,-9.0,€84.30m,41.0,€50.50m,36.0,-33800000.0
Aston Villa,38,17,11,10,6,2008,62,2.0,54,-17.0,48,-3.0,€102.80m,40.0,€29.62m,31.0,-73180000.0
Aston Villa,38,16,12,10,20,2007,60,10.0,71,28.0,51,10.0,€80.80m,30.0,€25.42m,31.0,-55380000.0
Aston Villa,38,11,17,10,2,2006,50,8.0,43,1.0,41,-14.0,€49.60m,29.0,€22.23m,32.0,-27380000.0
Aston Villa,38,10,12,16,-13,2005,42,-5.0,42,-3.0,55,3.0,€41.24m,34.0,€10.73m,31.0,-30520000.0
Aston Villa,38,12,11,15,-7,2004,47,-9.0,45,-3.0,52,8.0,€26.68m,30.0,€9.83m,32.0,-16860000.0
Aston Villa,38,15,11,12,4,2003,56,11.0,48,6.0,44,-3.0,€18.52m,33.0,€3.72m,46.0,-14800000.0
Aston Villa,38,12,9,17,-5,2002,45,-5.0,42,-4.0,47,-0.0,€17.45m,42.0,€7.19m,45.0,-10260000.0
Aston Villa,38,12,14,12,-1,2001,50,-4.0,46,-0.0,47,4.0,€35.18m,38.0,€23.78m,32.0,-11400000.0
Aston Villa,38,13,15,10,3,2000,54,-4.0,46,-0.0,43,8.0,€47.22m,31.0,€37.69m,29.0,-9530000.0
Aston Villa,38,15,13,10,11,1999,58,3.0,46,-5.0,35,-11.0,€30.72m,28.0,€26.89m,31.0,-3840000.0
Aston Villa,38,15,10,13,5,1998,55,-2.0,51,2.0,46,-2.0,€52.40m,31.0,€32.05m,29.0,-20350000.0
Aston Villa,38,17,6,15,1,1997,57,-4.0,49,2.0,48,14.0,€54.60m,25.0,€29.33m,17.0,-25270000.0
Aston Villa,38,17,10,11,13,1996,61,-2.0,47,-5.0,34,-1.0,€19.90m,13.0,€7.74m,13.0,-12160000.0
Aston Villa,38,18,9,11,17,1995,63,15.0,52,1.0,35,-21.0,€19.16m,18.0,€9.29m,20.0,-9880000.0
Aston Villa,42,11,15,16,-5,1994,48,-9.0,51,5.0,56,6.0,€19.85m,21.0,€14.20m,27.0,-5650000.0
Aston Villa,42,15,12,15,-4,1993,57,,46,,50,,€13.04m,20.0,€10.45m,26.0,-2590000.0
Barnsley,38,10,5,23,-45,1997,35,,37,,82,,€9.56m,24.0,€8.85m,20.0,-710000.0
Birmingham,38,8,15,15,-21,2010,39,-11.0,37,-1.0,58,11.0,€26.17m,54.0,€34.96m,55.0,8790000.0
Birmingham,38,13,11,14,-9,2009,50,,38,-8.0,47,-15.0,€45.65m,50.0,€575k,48.0,-45080000.0
Birmingham,38,8,11,19,-16,2007,35,,46,18.0,62,12.0,€32.80m,63.0,€19.35m,60.0,-13450000.0
Birmingham,38,8,10,20,-22,2005,34,-11.0,28,-12.0,50,4.0,€32.53m,54.0,€40.43m,59.0,7900000.0
Birmingham,38,11,12,15,-6,2004,45,-5.0,40,-3.0,46,-2.0,€27.87m,59.0,€16.10m,48.0,-11770000.0
Birmingham,38,12,14,12,-5,2003,50,2.0,43,2.0,48,-1.0,€32.87m,44.0,€10.10m,48.0,-22770000.0
Birmingham,38,13,9,16,-8,2002,48,,41,,49,,€32.78m,38.0,€3.10m,46.0,-29680000.0
Blackburn,38,8,7,23,-30,2011,31,-12.0,48,2.0,78,19.0,€37.93m,69.0,€51.70m,69.0,13770000.0
Blackburn,38,11,10,17,-13,2010,43,-7.0,46,5.0,59,4.0,€25.60m,55.0,€40.58m,57.0,14980000.0
Blackburn,38,13,11,14,-14,2009,50,9.0,41,1.0,55,-5.0,€18.33m,68.0,€36.93m,64.0,18600000.0
Blackburn,38,10,11,17,-20,2008,41,-17.0,40,-10.0,60,12.0,€24.96m,64.0,€63.15m,61.0,38190000.0
Blackburn,38,15,13,10,2,2007,58,6.0,50,-2.0,48,-6.0,€17.88m,44.0,€30.48m,44.0,12600000.0
Blackburn,38,15,7,16,-2,2006,52,-11.0,52,1.0,54,12.0,€24.18m,46.0,€20.89m,42.0,-3290000.0
Blackburn,38,19,6,13,9,2005,63,21.0,51,19.0,42,-1.0,€27.38m,50.0,€19.61m,49.0,-7770000.0
Blackburn,38,9,15,14,-11,2004,42,-2.0,32,-19.0,43,-16.0,€17.28m,44.0,€10.40m,46.0,-6880000.0
Blackburn,38,12,8,18,-8,2003,44,-16.0,51,-1.0,59,16.0,€30.22m,44.0,€42.55m,51.0,12340000.0
Blackburn,38,16,12,10,9,2002,60,14.0,52,-3.0,43,-8.0,€29.59m,44.0,€36.65m,46.0,7060000.0
Blackburn,38,12,10,16,4,2001,46,,55,17.0,51,-1.0,€40.26m,42.0,€12.48m,41.0,-27790000.0
Blackburn,38,7,14,17,-14,1998,35,-23.0,38,-19.0,52,-0.0,€63.86m,48.0,€45.07m,44.0,-18790000.0
Blackburn,38,16,10,12,5,1997,58,16.0,57,15.0,52,9.0,€66.51m,48.0,€46.47m,39.0,-20040000.0
Blackburn,38,9,15,14,-1,1996,42,-19.0,42,-19.0,43,-4.0,€10.13m,27.0,€49.35m,26.0,39220000.0
Blackburn,38,18,7,13,14,1995,61,-28.0,61,-19.0,47,8.0,€16.50m,19.0,€24.67m,15.0,8170000.0
Blackburn,42,27,8,7,41,1994,89,5.0,80,17.0,39,3.0,€26.25m,23.0,€10.01m,19.0,-16239999.0
Blackburn,42,25,9,8,27,1993,84,,63,,36,,€22.03m,16.0,€5.00m,17.0,-17030000.0
Blackpool,38,10,9,19,-23,2010,39,,55,,78,,,,,,
Bolton,38,10,6,22,-31,2011,36,-10.0,46,-6.0,77,21.0,€19.09m,53.0,€16.33m,54.0,-2760000.0
Bolton,38,12,10,16,-4,2010,46,7.0,52,10.0,56,-11.0,€21.00m,41.0,€17.73m,40.0,-3270000.0
Bolton,38,10,9,19,-25,2009,39,-2.0,42,1.0,67,14.0,€17.40m,42.0,€3.40m,34.0,-14000000.0
Bolton,38,11,8,19,-12,2008,41,4.0,41,5.0,53,-1.0,€35.70m,39.0,€12.88m,31.0,-22830000.0
Bolton,38,9,10,19,-18,2007,37,-19.0,36,-11.0,54,2.0,€46.05m,39.0,€32.84m,39.0,-13210000.0
Bolton,38,16,8,14,-5,2006,56,-0.0,47,-2.0,52,11.0,€39.35m,45.0,€25.82m,39.0,-13530000.0
Bolton,38,15,11,12,8,2005,56,-2.0,49,-0.0,41,-3.0,€23.20m,34.0,€3.85m,31.0,-19350000.0
Bolton,38,16,10,12,5,2004,58,5.0,49,1.0,44,-12.0,€7.58m,38.0,€375k,40.0,-7200000.0
Bolton,38,14,11,13,-8,2003,53,9.0,48,7.0,56,5.0,,,,,
Bolton,38,10,14,14,-10,2002,44,4.0,41,-3.0,51,-11.0,,,,,
Bolton,38,9,13,16,-18,2001,40,,44,3.0,62,1.0,,,,,
Bolton,38,9,13,16,-20,1997,40,,41,2.0,61,-10.0,€20.58m,39.0,€18.26m,37.0,-2320000.0
Bolton,38,8,5,25,-32,1995,29,,39,,71,,€13.19m,19.0,€18.27m,18.0,5080000.0
Bournemouth,38,13,9,16,-13,2023,48,9.0,54,17.0,67,-4.0,€167.19m,28.0,€1.50m,25.0,-165690000.0
Bournemouth,38,11,6,21,-34,2022,39,,37,-3.0,71,6.0,€210.39m,41.0,€1.50m,34.0,-208890000.0
Bournemouth,38,9,7,22,-25,2019,34,-11.0,40,-16.0,65,-5.0,€55.61m,28.0,€128.18m,33.0,72560000.0
Bournemouth,38,13,6,19,-14,2018,45,1.0,56,11.0,70,9.0,€146.51m,27.0,€54.83m,28.0,-91690000.0
Bournemouth,38,11,11,16,-16,2017,44,-2.0,45,-10.0,61,-6.0,€125.90m,29.0,€20.20m,30.0,-105700000.0
Bournemouth,38,12,10,16,-12,2016,46,4.0,55,10.0,67,-0.0,€74.99m,34.0,€23.69m,44.0,-51300000.0
Bournemouth,38,11,9,18,-22,2015,42,,45,,67,,€95.80m,55.0,€24.34m,63.0,-71460000.0
Bradford,38,5,11,22,-40,2000,26,-10.0,30,-8.0,70,2.0,,,,,
Bradford,38,9,9,20,-30,1999,36,,38,,68,,,,,,
Brentford,38,10,9,19,-9,2023,39,-20.0,56,-2.0,65,19.0,€105.35m,22.0,€10.09m,21.0,-95260000.0
Brentford,38,15,14,9,12,2022,59,13.0,58,10.0,46,-10.0,€121.60m,42.0,€13.69m,37.0,-107910000.0
Brentford,38,13,7,18,-8,2021,46,,48,,56,,€87.45m,42.0,€4.60m,36.0,-82850000.0
Brighton,38,12,12,14,-7,2023,48,-14.0,55,-17.0,62,9.0,€129.00m,41.0,€195.90m,28.0,66900000.0
Brighton,38,18,8,12,19,2022,62,11.0,72,30.0,53,9.0,€165.20m,55.0,€334.30m,49.0,169100000.0
Brighton,38,12,15,11,-2,2021,51,10.0,42,2.0,44,-2.0,€130.70m,47.0,€217.20m,52.0,86500000.0
Brighton,38,9,14,15,-6,2020,41,-0.0,40,1.0,46,-8.0,€125.10m,54.0,€99.40m,51.0,-25700000.0
Brighton,38,9,14,15,-15,2019,41,5.0,39,4.0,54,-6.0,€111.84m,53.0,€29.10m,52.0,-82740000.0
Brighton,38,9,9,20,-25,2018,36,-4.0,35,1.0,60,6.0,€152.36m,53.0,€22.12m,59.0,-130240000.0
Brighton,38,9,13,16,-20,2017,40,,34,,54,,€160.62m,51.0,€14.02m,51.0,-146600000.0
Burnley,38,5,9,24,-37,2023,24,,41,7.0,78,25.0,€141.05m,35.0,€3.80m,27.0,-137250000.0
Burnley,38,7,14,17,-19,2021,35,-4.0,34,1.0,53,-2.0,€92.60m,39.0,€116.96m,36.0,24360000.0
Burnley,38,10,9,19,-22,2020,39,-15.0,33,-10.0,55,5.0,€50.50m,14.0,€42.80m,12.0,-7700000.0
Burnley,38,15,9,14,-7,2019,54,14.0,43,-2.0,50,-18.0,€24.95m,14.0,€15.85m,17.0,-9100000.0
Burnley,38,11,7,20,-23,2018,40,-14.0,45,9.0,68,29.0,€56.85m,18.0,€21.55m,24.0,-35300000.0
Burnley,38,14,12,12,-3,2017,54,14.0,36,-3.0,39,-16.0,€68.74m,30.0,€58.00m,35.0,-10740000.0
Burnley,38,11,7,20,-16,2016,40,,39,11.0,55,2.0,€81.34m,47.0,€51.20m,48.0,-30140000.0
Burnley,38,7,12,19,-25,2014,33,,28,-14.0,53,-29.0,€38.33m,46.0,€20.70m,46.0,-17630000.0
Burnley,38,8,6,24,-40,2009,30,,42,,82,,€19.87m,52.0,€7.29m,45.0,-12580000.0
Cardiff,38,10,4,24,-35,2018,34,,34,2.0,69,-5.0,,,,,
Cardiff,38,7,9,22,-42,2013,30,,32,,74,,,,,,
Charlton,38,8,10,20,-26,2006,34,-13.0,34,-7.0,60,5.0,€35.19m,73.0,€42.37m,77.0,7180000.0
Charlton,38,13,8,17,-14,2005,47,1.0,41,-1.0,55,-3.0,€30.75m,64.0,€7.99m,57.0,-22770000.0
Charlton,38,12,10,16,-16,2004,46,-7.0,42,-9.0,58,7.0,€22.35m,48.0,€7.66m,41.0,-14690000.0
Charlton,38,14,11,13,0,2003,53,4.0,51,6.0,51,-5.0,€14.75m,37.0,€16.95m,37.0,2200000.0
Charlton,38,14,7,17,-11,2002,49,5.0,45,7.0,56,7.0,€8.25m,32.0,€17.65m,30.0,9400000.0
Charlton,38,10,14,14,-11,2001,44,-8.0,38,-12.0,49,-8.0,€20.25m,26.0,€4.03m,29.0,-16230000.0
Charlton,38,14,10,14,-7,2000,52,,50,9.0,57,1.0,€34.30m,29.0,€1.91m,33.0,-32390000.0
Charlton,38,8,12,18,-15,1998,36,,41,,56,,€10.26m,33.0,€7.12m,31.0,-3140000.0
Chelsea,38,18,9,11,14,2023,63,19.0,77,39.0,63,16.0,€471.80m,39.0,€302.00m,33.0,-169800000.0
Chelsea,38,11,11,16,-9,2022,44,-30.0,38,-38.0,47,14.0,€1.10bn,57.0,€337.36m,56.0,-764790000.0
Chelsea,38,21,11,6,43,2021,74,7.0,76,18.0,33,-3.0,€748.35m,49.0,€222.55m,48.0,-525809999.0
Chelsea,38,19,10,9,22,2020,67,1.0,58,-11.0,36,-18.0,€365.20m,52.0,€211.84m,49.0,-153370000.0
Chelsea,38,20,6,12,15,2019,66,-6.0,69,6.0,54,15.0,€292.20m,53.0,€220.22m,55.0,-71980000.0
Chelsea,38,21,9,8,24,2018,72,2.0,63,1.0,39,1.0,€253.80m,52.0,€246.32m,60.0,-7480000.0
Chelsea,38,21,7,10,24,2017,70,-23.0,62,-23.0,38,5.0,€469.30m,70.0,€277.85m,62.0,-191450000.0
Chelsea,38,30,3,5,52,2016,93,43.0,85,26.0,33,-20.0,€393.30m,67.0,€303.50m,61.0,-89800000.0
Chelsea,38,12,14,12,6,2015,50,-37.0,59,-14.0,53,21.0,€229.30m,66.0,€196.39m,67.0,-32909999.0
Chelsea,38,26,9,3,41,2014,87,5.0,73,2.0,32,5.0,€234.20m,81.0,€230.30m,85.0,-3900000.0
Chelsea,38,25,7,6,44,2013,82,7.0,71,-4.0,27,-12.0,€268.05m,80.0,€220.74m,84.0,-47310000.0
Chelsea,38,22,9,7,36,2012,75,11.0,75,10.0,39,-7.0,€240.05m,67.0,€103.38m,64.0,-136670000.0
Chelsea,38,18,10,10,19,2011,64,-7.0,65,-4.0,46,13.0,€206.15m,51.0,€57.01m,50.0,-149140000.0
Chelsea,38,21,8,9,36,2010,71,-15.0,69,-34.0,33,1.0,€217.95m,41.0,€48.06m,43.0,-169890000.0
Chelsea,38,27,5,6,71,2009,86,3.0,103,35.0,32,8.0,€151.50m,35.0,€20.30m,33.0,-131199999.0
Chelsea,38,25,8,5,44,2008,83,-2.0,68,3.0,24,-2.0,€60.50m,31.0,€48.35m,29.0,-12150000.0
Chelsea,38,25,10,3,39,2007,85,2.0,65,1.0,26,2.0,€89.50m,35.0,€88.20m,33.0,-1300000.0
Chelsea,38,24,11,3,40,2006,83,-8.0,64,-8.0,24,2.0,€147.98m,38.0,€96.25m,33.0,-51730000.0
Chelsea,38,29,4,5,50,2005,91,-4.0,72,-0.0,22,7.0,€180.48m,33.0,€87.20m,35.0,-93280000.0
Chelsea,38,29,8,1,57,2004,95,16.0,72,5.0,15,-15.0,€253.90m,36.0,€37.90m,43.0,-216000000.0
Chelsea,38,24,7,7,37,2003,79,12.0,67,-1.0,30,-8.0,€336.10m,45.0,€4.25m,48.0,-331850000.0
Chelsea,38,19,10,9,30,2002,67,3.0,68,2.0,38,-0.0,€173.70m,35.0,€3.05m,33.0,-170650000.0
Chelsea,38,17,13,8,28,2001,64,3.0,66,-2.0,38,-7.0,€49.70m,21.0,€16.42m,26.0,-33280000.0
Chelsea,38,17,10,11,23,2000,61,-4.0,68,15.0,45,11.0,€102.09m,34.0,€52.04m,35.0,-50050000.0
Chelsea,38,18,11,9,19,1999,65,-10.0,53,-4.0,34,4.0,€78.75m,44.0,€45.60m,36.0,-33150000.0
Chelsea,38,20,15,3,27,1998,75,12.0,57,-14.0,30,-13.0,€45.66m,35.0,€15.93m,33.0,-29730000.0
Chelsea,38,20,3,15,28,1997,63,4.0,71,13.0,43,-12.0,€37.10m,27.0,€8.40m,26.0,-28700000.0
Chelsea,38,16,11,11,3,1996,59,9.0,58,12.0,55,11.0,€33.37m,27.0,€4.94m,26.0,-28430000.0
Chelsea,38,12,14,12,2,1995,50,-4.0,46,-4.0,44,-11.0,€17.47m,26.0,€6.43m,25.0,-11040000.0
Chelsea,42,13,15,14,-5,1994,54,3.0,50,1.0,55,2.0,€8.03m,22.0,€3.59m,17.0,-4450000.0
Chelsea,42,13,12,17,-4,1993,51,,49,,53,,€9.97m,21.0,€6.59m,20.0,-3380000.0
Coventry,38,8,10,20,-27,2000,34,-10.0,36,-11.0,63,9.0,€26.90m,33.0,€58.28m,39.0,31380000.0
Coventry,38,12,8,18,-7,1999,44,2.0,47,8.0,54,3.0,€39.33m,34.0,€41.68m,32.0,2350000.0
Coventry,38,11,9,18,-12,1998,42,-10.0,39,-7.0,51,7.0,€28.02m,41.0,€28.20m,31.0,180000.0
Coventry,38,12,16,10,2,1997,52,11.0,46,8.0,44,-10.0,€12.35m,36.0,€16.55m,34.0,4210000.0
Coventry,38,9,14,15,-16,1996,41,3.0,38,-4.0,54,-6.0,€12.65m,28.0,€5.75m,32.0,-6900000.0
Coventry,38,8,14,16,-18,1995,38,-12.0,42,-2.0,60,-2.0,€14.81m,32.0,€4.57m,32.0,-10250000.0
Coventry,42,12,14,16,-18,1994,50,-6.0,44,1.0,62,17.0,€13.89m,37.0,€9.30m,33.0,-4600000.0
Coventry,42,14,14,14,-2,1993,56,,43,,45,,€8.03m,32.0,€7.37m,29.0,-655000.0
Crystal Palace,38,13,10,15,-1,2023,49,4.0,57,17.0,58,9.0,€67.80m,10.0,-,10.0,-67800000.0
Crystal Palace,38,11,12,15,-9,2022,45,-3.0,40,-10.0,49,3.0,€114.40m,22.0,€5.46m,20.0,-108950000.0
Crystal Palace,38,11,15,12,4,2021,48,4.0,50,9.0,46,-20.0,€132.22m,27.0,€5.46m,28.0,-126760000.0
Crystal Palace,38,12,8,18,-25,2020,44,1.0,41,10.0,66,16.0,€108.02m,26.0,€20.00m,24.0,-88020000.0
Crystal Palace,38,11,10,17,-19,2019,43,-6.0,31,-20.0,50,-3.0,€30.00m,26.0,€75.38m,23.0,45380000.0
Crystal Palace,38,14,7,17,-2,2018,49,5.0,51,6.0,53,-2.0,,,,,
Crystal Palace,38,11,11,16,-10,2017,44,3.0,45,-5.0,55,-8.0,€67.80m,26.0,€3.35m,34.0,-64450000.0
Crystal Palace,38,12,5,21,-13,2016,41,-1.0,50,11.0,63,12.0,€157.15m,37.0,€53.20m,42.0,-103950000.0
Crystal Palace,38,11,9,18,-12,2015,42,-6.0,39,-8.0,51,-0.0,€130.00m,41.0,€55.60m,47.0,-74400000.0
Crystal Palace,38,13,9,16,-4,2014,48,3.0,47,14.0,51,3.0,€60.02m,60.0,€8.27m,62.0,-51750000.0
Crystal Palace,38,13,6,19,-15,2013,45,,33,-8.0,48,-14.0,€64.22m,83.0,€2.87m,71.0,-61350000.0
Crystal Palace,38,7,12,19,-21,2004,33,,41,4.0,62,-9.0,€11.60m,28.0,€3.40m,28.0,-8199999.0
Crystal Palace,38,8,9,21,-34,1997,33,,37,3.0,71,22.0,€20.64m,56.0,€25.79m,52.0,5150000.0
Crystal Palace,42,11,12,19,-15,1994,45,,34,,49,,€9.35m,35.0,€19.91m,37.0,10560000.0
Derby,38,1,8,29,-69,2007,11,,20,-13.0,89,26.0,€27.53m,70.0,€12.94m,68.0,-14590000.0
Derby,38,8,6,24,-30,2001,30,-12.0,33,-4.0,63,4.0,,,,,
Derby,38,10,12,16,-22,2000,42,4.0,37,-7.0,59,2.0,€17.91m,30.0,€24.38m,27.0,6470000.0
Derby,38,9,11,18,-13,1999,38,-14.0,44,4.0,57,12.0,€26.73m,34.0,€14.53m,29.0,-12200000.0
Derby,38,13,13,12,-5,1998,52,-3.0,40,-12.0,45,-4.0,€19.09m,37.0,€23.80m,33.0,4710000.0
Derby,38,16,7,15,3,1997,55,9.0,52,7.0,49,-9.0,€9.49m,31.0,€19.07m,29.0,9580000.0
Derby,38,11,13,14,-13,1996,46,,45,,58,,,,,,
Everton,38,13,9,16,-11,2023,40,4.0,40,6.0,51,-6.0,€40.50m,17.0,€82.80m,21.0,42300000.0
Everton,38,8,12,18,-23,2022,36,-3.0,34,-9.0,57,-9.0,€118.70m,31.0,€186.40m,35.0,67700000.0
Everton,38,11,6,21,-23,2021,39,-20.0,43,-4.0,66,18.0,€117.70m,29.0,€149.60m,33.0,31900000.0
Everton,38,17,8,13,-1,2020,59,10.0,47,3.0,48,-8.0,€113.87m,34.0,€50.43m,35.0,-63450000.0
Everton,38,13,10,15,-12,2019,49,-5.0,44,-10.0,56,10.0,€195.37m,42.0,€92.23m,42.0,-103150000.0
Everton,38,15,9,14,8,2018,54,5.0,54,10.0,46,-12.0,€220.80m,41.0,€116.45m,45.0,-104350000.0
Everton,38,13,10,15,-14,2017,49,-12.0,44,-18.0,58,14.0,€303.00m,42.0,€155.03m,43.0,-147970000.0
Everton,38,17,10,11,18,2016,61,14.0,62,3.0,44,-11.0,€289.20m,41.0,€187.18m,39.0,-102020000.0
Everton,38,11,14,13,4,2015,47,-0.0,59,11.0,55,5.0,€134.20m,36.0,€71.80m,36.0,-62400000.0
Everton,38,12,11,15,-2,2014,47,-25.0,48,-13.0,50,11.0,€88.36m,35.0,€12.90m,32.0,-75460000.0
Everton,38,21,9,8,22,2013,72,9.0,61,6.0,39,-1.0,€71.96m,36.0,€48.00m,34.0,-23960000.0
Everton,38,16,15,7,15,2012,63,7.0,55,5.0,40,-0.0,€53.45m,31.0,€64.85m,32.0,11400000.0
Everton,38,15,11,12,10,2011,56,2.0,50,-1.0,40,-5.0,€28.85m,31.0,€45.55m,28.0,16700000.0
Everton,38,13,15,10,6,2010,54,-7.0,51,-9.0,45,-4.0,€8.90m,31.0,€33.40m,29.0,24500000.0
Everton,38,16,13,9,11,2009,61,-2.0,60,5.0,49,12.0,€25.00m,27.0,€34.94m,29.0,9940000.0
Everton,38,17,12,9,18,2008,63,-2.0,55,-0.0,37,4.0,€48.38m,29.0,€41.64m,25.0,-6740000.0
Everton,38,19,8,11,22,2007,65,7.0,55,3.0,33,-3.0,€62.63m,30.0,€28.10m,26.0,-34530000.0
Everton,38,15,13,10,16,2006,58,8.0,52,18.0,36,-13.0,€55.45m,29.0,€17.30m,31.0,-38150000.0
Everton,38,14,8,16,-15,2005,50,-11.0,34,-11.0,49,3.0,€50.43m,30.0,€9.50m,28.0,-40930000.0
Everton,38,18,7,13,-1,2004,61,22.0,45,-0.0,46,-11.0,€44.40m,26.0,€52.40m,29.0,8000000.0
Everton,38,9,12,17,-12,2003,39,-20.0,45,-3.0,57,8.0,€21.79m,26.0,€46.38m,36.0,24590000.0
Everton,38,17,8,13,-1,2002,59,16.0,48,3.0,49,-8.0,€23.79m,39.0,€1.35m,34.0,-22440000.0
Everton,38,11,10,17,-12,2001,43,1.0,45,-0.0,57,-2.0,€24.38m,28.0,€12.30m,25.0,-12080000.0
Everton,38,11,9,18,-14,2000,42,-8.0,45,-14.0,59,10.0,€44.98m,23.0,€47.48m,28.0,2500000.0
Everton,38,12,14,12,10,1999,50,7.0,59,17.0,49,2.0,€42.08m,31.0,€56.38m,37.0,14300000.0
Everton,38,11,10,17,-5,1998,43,3.0,42,1.0,47,-9.0,€37.25m,31.0,€33.38m,32.0,-3870000.0
Everton,38,9,13,16,-15,1997,40,-2.0,41,-3.0,56,-1.0,€37.98m,38.0,€26.80m,30.0,-11180000.0
Everton,38,10,12,16,-13,1996,42,-19.0,44,-20.0,57,13.0,€19.08m,33.0,€29.64m,33.0,10560000.0
Everton,38,17,10,11,20,1995,61,11.0,64,20.0,44,-7.0,€27.73m,29.0,€15.81m,28.0,-11920000.0
Everton,42,11,17,14,-7,1994,50,6.0,44,2.0,51,-12.0,€29.36m,30.0,€2.67m,28.0,-26690000.0
Everton,42,12,8,22,-21,1993,44,,42,,63,,€16.43m,21.0,€3.95m,24.0,-12480000.0
Fulham,38,13,8,17,-6,2023,47,-5.0,55,-0.0,61,8.0,€68.47m,21.0,€53.20m,20.0,-15270000.0
Fulham,38,15,7,16,2,2022,52,,55,28.0,53,-0.0,€141.67m,37.0,€75.10m,39.0,-66569999.0
Fulham,38,5,13,20,-26,2020,28,,27,-7.0,53,-28.0,€59.25m,36.0,€6.20m,35.0,-53050000.0
Fulham,38,7,5,26,-47,2018,26,,34,-6.0,81,-4.0,€153.50m,34.0,€33.85m,27.0,-119650000.0
Fulham,38,9,5,24,-45,2013,32,-11.0,40,-10.0,85,25.0,€46.73m,73.0,€22.05m,71.0,-24680000.0
Fulham,38,11,10,17,-10,2012,43,-9.0,50,2.0,60,9.0,€39.30m,59.0,€35.57m,57.0,-3730000.0
Fulham,38,14,10,14,-3,2011,52,3.0,48,-1.0,51,8.0,€28.13m,47.0,€39.09m,45.0,10970000.0
Fulham,38,11,16,11,6,2010,49,3.0,49,10.0,43,-3.0,€29.18m,37.0,€20.48m,39.0,-8700000.0
Fulham,38,12,10,16,-7,2009,46,-7.0,39,-0.0,46,12.0,€18.16m,43.0,€12.81m,46.0,-5350000.0
Fulham,38,14,11,13,5,2008,53,17.0,39,1.0,34,-26.0,€33.96m,56.0,€16.33m,63.0,-17630000.0
Fulham,38,8,12,18,-22,2007,36,-3.0,38,-0.0,60,-0.0,€77.28m,67.0,€35.83m,66.0,-41460000.0
Fulham,38,8,15,15,-22,2006,39,-9.0,38,-10.0,60,2.0,€64.23m,57.0,€30.02m,50.0,-34220000.0
Fulham,38,14,6,18,-10,2005,48,4.0,48,-4.0,58,-2.0,€20.35m,43.0,€15.14m,47.0,-5210000.0
Fulham,38,12,8,18,-8,2004,44,-8.0,52,-0.0,60,14.0,€20.50m,46.0,€9.83m,46.0,-10680000.0
Fulham,38,14,10,14,6,2003,52,4.0,52,11.0,46,-4.0,€22.43m,54.0,€30.24m,48.0,7810000.0
Fulham,38,13,9,16,-9,2002,48,4.0,41,5.0,50,6.0,€11.48m,41.0,€25.87m,37.0,14390000.0
Fulham,38,10,14,14,-8,2001,44,,36,,44,,€53.60m,22.0,€1.85m,25.0,-51750000.0
Huddersfield,38,3,7,28,-54,2018,16,-21.0,22,-6.0,76,18.0,€63.70m,44.0,€41.43m,42.0,-22270000.0
Huddersfield,38,9,10,19,-30,2017,37,,28,,58,,€107.45m,36.0,€18.79m,32.0,-88670000.0
Hull City,38,9,7,22,-43,2016,34,,37,4.0,80,29.0,€59.85m,50.0,€74.07m,44.0,14230000.0
Hull City,38,8,11,19,-18,2014,35,-2.0,33,-5.0,51,-2.0,€59.67m,44.0,€53.85m,52.0,-5820000.0
Hull City,38,10,7,21,-15,2013,37,,38,4.0,53,-22.0,€79.32m,62.0,€19.58m,60.0,-59740000.0
Hull City,38,6,12,20,-41,2009,30,-5.0,34,-5.0,75,11.0,€19.93m,62.0,€16.10m,69.0,-3830000.0
Hull City,38,8,11,19,-25,2008,35,,39,,64,,€32.80m,47.0,€7.10m,44.0,-25700000.0
Ipswich,38,9,9,20,-23,2001,36,-30.0,41,-16.0,64,22.0,€20.23m,28.0,€29.73m,33.0,9500000.0
Ipswich,38,20,6,12,15,2000,66,,57,21.0,42,-51.0,€30.13m,35.0,€18.00m,28.0,-12130000.0
Ipswich,42,7,6,29,-57,1994,27,-16.0,36,1.0,93,35.0,,,,,
Ipswich,42,9,16,17,-23,1993,43,,35,,58,,,,,,
Leeds,38,7,10,21,-30,2022,31,-7.0,48,6.0,78,-1.0,€193.29m,45.0,€148.08m,45.0,-45210000.0
Leeds,38,9,11,18,-37,2021,38,-21.0,42,-20.0,79,25.0,€216.69m,38.0,€114.50m,33.0,-102190000.0
Leeds,38,18,5,15,8,2020,59,,62,22.0,54,-25.0,€187.10m,29.0,-,31.0,-187100000.0
Leeds,38,8,9,21,-39,2003,33,-14.0,40,-18.0,79,22.0,€4.13m,69.0,€44.53m,73.0,40410000.0
Leeds,38,14,5,19,1,2002,47,-19.0,58,5.0,57,20.0,€4.60m,46.0,€96.95m,50.0,92350000.0
Leeds,38,18,12,8,16,2001,66,-2.0,53,-11.0,37,-6.0,€50.80m,31.0,€84.69m,34.0,33890000.0
Leeds,38,20,8,10,21,2000,68,-1.0,64,6.0,43,-0.0,€99.45m,22.0,€16.91m,24.0,-82550000.0
Leeds,38,21,6,11,15,1999,69,2.0,58,-4.0,43,9.0,€88.86m,22.0,€34.58m,26.0,-54280000.0
Leeds,38,18,13,7,28,1998,67,8.0,62,5.0,34,-12.0,€46.36m,31.0,€22.45m,29.0,-23910000.0
Leeds,38,17,8,13,11,1997,59,13.0,57,29.0,46,8.0,€24.36m,36.0,€5.55m,29.0,-18810000.0
Leeds,38,11,13,14,-10,1996,46,3.0,28,-12.0,38,-19.0,€30.34m,28.0,€6.30m,30.0,-24040000.0
Leeds,38,12,7,19,-17,1995,43,-30.0,40,-19.0,57,19.0,€21.33m,24.0,€5.97m,27.0,-15360000.0
Leeds,42,20,13,9,21,1994,73,3.0,59,-6.0,38,-1.0,€9.63m,24.0,€6.88m,21.0,-2750000.0
Leeds,42,18,16,8,26,1993,70,,65,,39,,€9.59m,20.0,€9.94m,19.0,356000.0
Leicester,38,9,7,22,-17,2022,34,-18.0,51,-11.0,68,9.0,€93.80m,26.0,€187.45m,29.0,93650000.0
Leicester,38,14,10,14,3,2021,52,-14.0,62,-6.0,59,9.0,€116.60m,21.0,€85.40m,20.0,-31200000.0
Leicester,38,20,6,12,18,2020,66,4.0,68,1.0,50,9.0,€127.00m,30.0,€57.77m,29.0,-69230000.0
Leicester,38,18,8,12,26,2019,62,10.0,67,16.0,41,-7.0,€163.70m,32.0,€142.27m,31.0,-21430000.0
Leicester,38,15,7,16,3,2018,52,5.0,51,-5.0,48,-12.0,€218.90m,29.0,€184.30m,31.0,-34600000.0
Leicester,38,12,11,15,-4,2017,47,3.0,56,8.0,60,-3.0,€198.45m,30.0,€145.90m,31.0,-52550000.0
Leicester,38,12,8,18,-15,2016,44,-37.0,48,-20.0,63,27.0,€175.95m,31.0,€116.15m,31.0,-59800000.0
Leicester,38,23,12,3,32,2015,81,40.0,68,22.0,36,-19.0,€142.00m,42.0,€75.50m,50.0,-66500000.0
Leicester,38,11,8,19,-9,2014,41,,46,-2.0,55,-10.0,€72.76m,55.0,€9.45m,55.0,-63310000.0
Leicester,38,6,15,17,-17,2003,33,,48,18.0,65,1.0,€3.31m,57.0,€1.92m,60.0,-1400000.0
Leicester,38,5,13,20,-34,2001,28,-20.0,30,-9.0,64,13.0,€19.20m,36.0,€16.53m,40.0,-2670000.0
Leicester,38,14,6,18,-12,2000,48,-7.0,39,-16.0,51,-4.0,€30.90m,41.0,€12.73m,40.0,-18170000.0
Leicester,38,16,7,15,0,1999,55,6.0,55,15.0,55,9.0,€18.00m,31.0,€26.28m,30.0,8279999.0
Leicester,38,12,13,13,-6,1998,49,-4.0,40,-11.0,46,5.0,€15.20m,26.0,€17.58m,22.0,2380000.0
Leicester,38,13,14,11,10,1997,53,6.0,51,5.0,41,-13.0,€12.55m,29.0,€3.58m,26.0,-8980000.0
Leicester,38,12,11,15,-8,1996,47,,46,1.0,54,-26.0,€12.59m,28.0,€6.38m,28.0,-6210000.0
Leicester,42,6,11,25,-35,1994,29,,45,,80,,€8.52m,22.0,€6.65m,20.0,-1870000.0
Liverpool,38,24,10,4,45,2023,82,15.0,86,11.0,41,-6.0,€172.00m,18.0,€60.70m,18.0,-111300000.0
Liverpool,38,19,10,9,28,2022,67,-25.0,75,-19.0,47,21.0,€314.30m,24.0,€141.40m,27.0,-172900000.0
Liverpool,38,28,8,2,68,2021,92,23.0,94,26.0,26,-16.0,€232.30m,22.0,€110.25m,23.0,-122050000.0
Liverpool,38,20,9,9,26,2020,69,-30.0,68,-17.0,42,9.0,€174.05m,30.0,€46.75m,25.0,-127300000.0
Liverpool,38,32,3,3,52,2019,99,2.0,85,-4.0,33,11.0,€94.45m,31.0,€65.20m,29.0,-29250000.0
Liverpool,38,30,7,1,67,2018,97,22.0,89,5.0,22,-16.0,€192.60m,33.0,€89.32m,37.0,-103280000.0
Liverpool,38,21,12,5,46,2017,75,-1.0,84,6.0,38,-4.0,€355.85m,31.0,€225.82m,36.0,-130030000.0
Liverpool,38,22,10,6,36,2016,76,16.0,78,15.0,42,-8.0,€253.55m,34.0,€269.88m,34.0,16329999.0
Liverpool,38,16,12,10,13,2015,60,-2.0,63,11.0,50,2.0,€206.40m,45.0,€175.93m,43.0,-30470000.0
Liverpool,38,18,8,12,4,2014,62,-22.0,52,-49.0,48,-2.0,€277.93m,49.0,€189.82m,45.0,-88110000.0
Liverpool,38,26,6,6,51,2013,84,23.0,101,30.0,50,7.0,€209.53m,43.0,€131.77m,44.0,-77760000.0
Liverpool,38,16,13,9,28,2012,61,9.0,71,24.0,43,3.0,€128.70m,37.0,€42.95m,41.0,-85750000.0
Liverpool,38,14,10,14,7,2011,52,-6.0,47,-12.0,40,-4.0,€139.93m,40.0,€32.45m,36.0,-107480000.0
Liverpool,38,17,7,14,15,2010,58,-5.0,59,-2.0,44,9.0,€167.05m,42.0,€125.00m,42.0,-42050000.0
Liverpool,38,18,9,11,26,2009,63,-23.0,61,-16.0,35,8.0,€141.23m,42.0,€151.55m,50.0,10330000.0
Liverpool,38,25,11,2,50,2008,86,10.0,77,10.0,27,-1.0,€114.95m,50.0,€95.00m,55.0,-19950000.0
Liverpool,38,21,13,4,39,2007,76,8.0,67,10.0,28,1.0,€162.15m,55.0,€93.20m,55.0,-68950000.0
Liverpool,38,20,8,10,30,2006,68,-14.0,57,-0.0,27,2.0,€136.70m,53.0,€71.48m,53.0,-65220000.0
Liverpool,38,25,7,6,32,2005,82,24.0,57,5.0,25,-16.0,€90.06m,53.0,€43.77m,53.0,-46290000.0
Liverpool,38,17,7,14,11,2004,58,-2.0,52,-3.0,41,4.0,€102.46m,48.0,€43.61m,48.0,-58850000.0
Liverpool,38,16,12,10,18,2003,60,-4.0,55,-6.0,37,-4.0,€74.05m,41.0,€24.57m,35.0,-49480000.0
Liverpool,38,18,10,10,20,2002,64,-16.0,61,-6.0,41,11.0,€47.15m,35.0,€11.80m,29.0,-35350000.0
Liverpool,38,24,8,6,37,2001,80,11.0,67,-4.0,30,-9.0,€63.06m,24.0,€40.45m,26.0,-22610000.0
Liverpool,38,20,9,9,32,2000,69,2.0,71,20.0,39,9.0,€65.56m,28.0,€48.26m,26.0,-17310000.0
Liverpool,38,19,10,9,21,1999,67,13.0,51,-17.0,30,-19.0,€88.50m,37.0,€31.18m,34.0,-57320000.0
Liverpool,38,15,9,14,19,1998,54,-11.0,68,-0.0,49,7.0,€67.99m,30.0,€18.60m,27.0,-49390000.0
Liverpool,38,18,11,9,26,1997,65,-3.0,68,6.0,42,5.0,€32.04m,25.0,€20.05m,20.0,-11990000.0
Liverpool,38,19,11,8,25,1996,68,-3.0,62,-8.0,37,3.0,€22.05m,19.0,€16.02m,20.0,-6030000.0
Liverpool,38,20,11,7,36,1995,71,-3.0,70,5.0,34,-3.0,€22.75m,19.0,€4.70m,18.0,-18050000.0
Liverpool,42,21,11,10,28,1994,74,14.0,65,6.0,37,-18.0,€31.31m,24.0,€5.45m,23.0,-25860000.0
Liverpool,42,17,9,16,4,1993,60,,59,,55,,€20.06m,21.0,€4.68m,26.0,-15380000.0
Luton,38,6,8,24,-33,2023,26,,52,,85,,€25.92m,30.0,€300k,30.0,-25620000.0
Man City,38,28,7,3,62,2023,91,2.0,96,2.0,34,1.0,€259.60m,22.0,€148.80m,21.0,-110800000.0
Man City,38,28,5,5,61,2022,89,-4.0,94,-5.0,33,7.0,€414.60m,46.0,€287.97m,44.0,-126630000.0
Man City,38,29,6,3,73,2021,93,7.0,99,16.0,26,-6.0,€293.90m,50.0,€255.97m,48.0,-37930000.0
Man City,38,27,5,6,51,2020,86,5.0,83,-19.0,32,-3.0,€312.30m,49.0,€157.80m,51.0,-154500000.0
Man City,38,26,3,9,67,2019,81,-17.0,102,7.0,35,12.0,€343.22m,53.0,€135.00m,53.0,-208220000.0
Man City,38,32,2,4,72,2018,98,-2.0,95,-11.0,23,-4.0,€248.41m,44.0,€128.60m,48.0,-119810000.0
Man City,38,32,4,2,79,2017,100,22.0,106,26.0,27,-12.0,€396.09m,50.0,€148.95m,54.0,-247140000.0
Man City,38,23,9,6,41,2016,78,12.0,80,9.0,39,-2.0,€533.75m,62.0,€126.70m,57.0,-407050000.0
Man City,38,19,9,10,30,2015,66,-13.0,71,-12.0,41,3.0,€424.72m,53.0,€102.79m,50.0,-321930000.0
Man City,38,24,7,7,45,2014,79,-7.0,83,-19.0,38,1.0,€311.27m,36.0,€97.74m,41.0,-213530000.0
Man City,38,27,5,6,65,2013,86,8.0,102,36.0,37,3.0,€218.30m,30.0,€41.60m,34.0,-176700000.0
Man City,38,23,9,6,32,2012,78,-11.0,66,-27.0,34,5.0,€177.45m,40.0,€55.60m,44.0,-121850000.0
Man City,38,28,5,5,64,2011,89,18.0,93,33.0,29,-4.0,€153.00m,53.0,€75.50m,61.0,-77500000.0
Man City,38,21,8,9,27,2010,71,4.0,60,-13.0,33,-12.0,€274.66m,62.0,€71.35m,61.0,-203310000.0
Man City,38,18,13,7,28,2009,67,17.0,73,15.0,45,-5.0,€330.91m,55.0,€69.35m,54.0,-261560000.0
Man City,38,15,5,18,8,2008,50,-5.0,58,13.0,50,-3.0,€304.65m,48.0,€55.70m,46.0,-248950000.0
Man City,38,15,10,13,-8,2007,55,13.0,45,16.0,53,9.0,€235.30m,57.0,€37.06m,44.0,-198240000.0
Man City,38,11,9,18,-15,2006,42,-1.0,29,-14.0,44,-4.0,€84.45m,51.0,€14.76m,48.0,-69690000.0
Man City,38,13,4,21,-5,2005,43,-9.0,43,-4.0,48,9.0,€18.98m,33.0,€36.70m,34.0,17730000.0
Man City,38,13,13,12,8,2004,52,11.0,47,-8.0,39,-15.0,€13.98m,30.0,€40.44m,31.0,26470000.0
Man City,38,9,14,15,1,2003,41,-10.0,55,8.0,54,-0.0,€15.76m,38.0,€14.56m,42.0,-1200000.0
Man City,38,15,6,17,-7,2002,51,,47,6.0,54,-11.0,€58.71m,36.0,€6.92m,38.0,-51790000.0
Man City,38,8,10,20,-24,2000,34,,41,8.0,65,7.0,€40.79m,43.0,€8.51m,43.0,-32270000.0
Man City,38,9,11,18,-25,1995,38,-11.0,33,-20.0,58,-6.0,€16.53m,38.0,€10.76m,38.0,-5770000.0
Man City,42,12,13,17,-11,1994,49,4.0,53,15.0,64,15.0,€14.26m,30.0,€9.79m,33.0,-4480000.0
Man City,42,9,18,15,-11,1993,45,,38,,49,,€10.09m,26.0,€2.86m,20.0,-7240000.0
Man Utd,38,18,6,14,-1,2023,60,-15.0,57,-1.0,58,15.0,€202.30m,21.0,€64.34m,28.0,-137960000.0
Man Utd,38,23,6,9,15,2022,75,17.0,58,1.0,43,-14.0,€445.58m,39.0,€81.99m,43.0,-363590000.0
Man Utd,38,16,10,12,0,2021,58,-16.0,57,-16.0,57,13.0,€385.28m,40.0,€54.75m,33.0,-330530000.0
Man Utd,38,21,11,6,29,2020,74,8.0,73,7.0,44,8.0,€225.80m,33.0,€50.60m,31.0,-175200000.0
Man Utd,38,18,12,8,30,2019,66,-0.0,66,1.0,36,-18.0,€320.60m,30.0,€100.68m,29.0,-219920000.0
Man Utd,38,19,9,10,11,2018,66,-15.0,65,-3.0,54,26.0,€319.50m,23.0,€111.73m,22.0,-207770000.0
Man Utd,38,25,6,7,40,2017,81,12.0,68,14.0,28,-1.0,€281.10m,22.0,€76.05m,20.0,-205050000.0
Man Utd,38,18,15,5,25,2016,69,3.0,54,5.0,29,-6.0,€383.40m,20.0,€92.75m,23.0,-290650000.0
Man Utd,38,19,9,10,14,2015,66,-4.0,49,-13.0,35,-2.0,€341.00m,29.0,€147.92m,33.0,-193080000.0
Man Utd,38,20,10,8,25,2014,70,6.0,62,-2.0,37,-6.0,€351.35m,46.0,€147.37m,46.0,-203980000.0
Man Utd,38,19,7,12,21,2013,64,-25.0,64,-22.0,43,-0.0,€272.48m,43.0,€48.50m,46.0,-223980000.0
Man Utd,38,28,5,5,43,2012,89,-0.0,86,-3.0,43,10.0,€153.58m,36.0,€11.45m,35.0,-142130000.0
Man Utd,38,28,5,5,56,2011,89,9.0,89,11.0,33,-4.0,€138.75m,33.0,€22.55m,33.0,-116210000.0
Man Utd,38,23,11,4,41,2010,80,-5.0,78,-8.0,37,9.0,€91.60m,31.0,€29.86m,36.0,-61740000.0
Man Utd,38,27,4,7,58,2009,85,-5.0,86,18.0,28,4.0,€56.60m,33.0,€121.43m,35.0,64830000.0
Man Utd,38,28,6,4,44,2008,90,3.0,68,-12.0,24,2.0,€72.55m,33.0,€111.92m,34.0,39370000.0
Man Utd,38,27,6,5,58,2007,87,-2.0,80,-3.0,22,-5.0,€151.75m,41.0,€54.05m,39.0,-97700000.0
Man Utd,38,28,5,5,56,2006,89,6.0,83,11.0,27,-7.0,€133.70m,48.0,€64.60m,48.0,-69100000.0
Man Utd,38,25,8,5,38,2005,83,6.0,72,14.0,34,8.0,€59.00m,47.0,€25.90m,53.0,-33100000.0
Man Utd,38,22,11,5,32,2004,77,2.0,58,-6.0,26,-9.0,€93.05m,44.0,€17.47m,46.0,-75590000.0
Man Utd,38,23,6,9,29,2003,75,-8.0,64,-10.0,35,1.0,€117.78m,43.0,€68.87m,47.0,-48910000.0
Man Utd,38,25,8,5,40,2002,83,6.0,74,-13.0,34,-11.0,€105.06m,38.0,€62.80m,43.0,-42260000.0
Man Utd,38,24,5,9,42,2001,77,-3.0,87,8.0,45,14.0,€134.38m,36.0,€47.10m,31.0,-87280000.0
Man Utd,38,24,8,6,48,2000,80,-11.0,79,-18.0,31,-14.0,€97.55m,30.0,€53.48m,29.0,-44080000.0
Man Utd,38,28,7,3,52,1999,91,12.0,97,17.0,45,8.0,€19.65m,30.0,€10.23m,23.0,-9430000.0
Man Utd,38,22,13,3,43,1998,79,2.0,80,7.0,37,11.0,€52.70m,32.0,€4.10m,29.0,-48600000.0
Man Utd,38,23,8,7,47,1997,77,2.0,73,-3.0,26,-18.0,€58.30m,32.0,€8.17m,36.0,-50130000.0
Man Utd,38,21,12,5,32,1996,75,-7.0,76,3.0,44,9.0,€24.78m,36.0,€12.41m,31.0,-12370000.0
Man Utd,38,25,7,6,38,1995,82,-6.0,73,-4.0,35,7.0,€11.80m,25.0,€27.98m,26.0,16180000.0
Man Utd,42,26,10,6,49,1994,88,-4.0,77,-3.0,28,-10.0,€12.40m,24.0,€25.51m,26.0,13120000.0
Man Utd,42,27,11,4,42,1993,92,,80,,38,,€20.32m,25.0,€6.49m,24.0,-13840000.0
Middlesbrough,38,5,13,20,-26,2016,28,,27,-1.0,53,-4.0,€103.60m,44.0,€67.80m,48.0,-35800000.0
Middlesbrough,38,7,11,20,-29,2008,32,-10.0,28,-15.0,57,4.0,€20.09m,39.0,€55.72m,43.0,35640000.0
Middlesbrough,38,10,12,16,-10,2007,42,-4.0,43,-1.0,53,4.0,€63.40m,39.0,€38.95m,41.0,-24460000.0
Middlesbrough,38,12,10,16,-5,2006,46,1.0,44,-4.0,49,-9.0,€61.90m,42.0,€34.90m,46.0,-27000000.0
Middlesbrough,38,12,9,17,-10,2005,45,-10.0,48,-5.0,58,12.0,€25.26m,39.0,€4.68m,35.0,-20590000.0
Middlesbrough,38,14,13,11,7,2004,55,7.0,53,9.0,46,-6.0,€20.71m,38.0,€3.45m,34.0,-17260000.0
Middlesbrough,38,13,9,16,-8,2003,48,-1.0,44,-4.0,52,8.0,€16.95m,49.0,€4.58m,52.0,-12380000.0
Middlesbrough,38,13,10,15,4,2002,49,4.0,48,13.0,44,-3.0,€44.28m,51.0,€1.13m,56.0,-43150000.0
Middlesbrough,38,12,9,17,-12,2001,45,3.0,35,-9.0,47,3.0,€56.78m,47.0,€5.27m,57.0,-51510000.0
Middlesbrough,38,9,15,14,0,2000,42,-10.0,44,-2.0,44,-8.0,€56.17m,47.0,€15.27m,47.0,-40900000.0
Middlesbrough,38,14,10,14,-6,1999,52,1.0,46,-2.0,52,-2.0,€43.79m,34.0,€10.05m,27.0,-33740000.0
Middlesbrough,38,12,15,11,-6,1998,51,,48,-3.0,54,-6.0,€22.40m,25.0,€13.90m,25.0,-8500000.0
Middlesbrough,38,10,12,16,-9,1996,39,-4.0,51,16.0,60,10.0,€34.97m,33.0,€34.09m,30.0,-876000.0
Middlesbrough,38,11,10,17,-15,1995,43,,35,,50,,€29.28m,29.0,€10.47m,29.0,-18800000.0
Newcastle,38,18,6,14,23,2023,60,-11.0,85,17.0,62,29.0,€185.70m,19.0,€44.60m,21.0,-141100000.0
Newcastle,38,19,14,5,35,2022,71,22.0,68,24.0,33,-29.0,€338.55m,32.0,€58.66m,28.0,-279890000.0
Newcastle,38,13,10,15,-18,2021,49,4.0,44,-2.0,62,-0.0,€315.85m,29.0,€14.06m,23.0,-301790000.0
Newcastle,38,12,9,17,-16,2020,45,1.0,46,8.0,62,4.0,€169.25m,22.0,€275k,25.0,-168980000.0
Newcastle,38,11,11,16,-20,2019,44,-1.0,38,-4.0,58,10.0,€111.15m,23.0,€35.92m,26.0,-75240000.0
Newcastle,38,12,9,17,-6,2018,45,1.0,42,3.0,48,1.0,€132.15m,35.0,€86.69m,34.0,-45460000.0
Newcastle,38,12,8,18,-8,2017,44,,39,-5.0,47,-18.0,€106.25m,49.0,€72.27m,52.0,-33980000.0
Newcastle,38,9,10,19,-21,2015,37,-2.0,44,4.0,65,2.0,€172.16m,50.0,€106.31m,49.0,-65849999.0
Newcastle,38,10,9,19,-23,2014,39,-10.0,40,-3.0,63,4.0,€152.93m,49.0,€29.30m,48.0,-123630000.0
Newcastle,38,15,4,19,-16,2013,49,8.0,43,-2.0,59,-9.0,€48.82m,37.0,€49.74m,42.0,920000.0
Newcastle,38,11,8,19,-23,2012,41,-24.0,45,-11.0,68,17.0,€35.77m,35.0,€40.67m,36.0,4910000.0
Newcastle,38,19,8,11,5,2011,65,19.0,56,-0.0,51,-6.0,€58.97m,48.0,€30.84m,45.0,-28130000.0
Newcastle,38,11,13,14,-1,2010,46,,56,16.0,57,-2.0,€40.98m,45.0,€57.79m,42.0,16810000.0
Newcastle,38,7,13,18,-19,2008,34,-9.0,40,-5.0,59,-6.0,€41.74m,38.0,€68.45m,35.0,26710000.0
Newcastle,38,11,10,17,-20,2007,43,-0.0,45,7.0,65,18.0,€73.33m,41.0,€73.10m,32.0,-225000.0
Newcastle,38,11,10,17,-9,2006,43,-15.0,38,-9.0,47,5.0,€69.73m,30.0,€42.88m,30.0,-26850000.0
Newcastle,38,17,7,14,5,2005,58,14.0,47,-0.0,42,-15.0,€93.63m,27.0,€42.08m,29.0,-51550000.0
Newcastle,38,10,14,14,-10,2004,44,-12.0,47,-5.0,57,17.0,€91.20m,33.0,€53.18m,34.0,-38030000.0
Newcastle,38,13,17,8,12,2003,56,-13.0,52,-11.0,40,-8.0,€29.45m,31.0,€27.28m,39.0,-2180000.0
Newcastle,38,21,6,11,15,2002,69,-2.0,63,-11.0,48,-4.0,€34.55m,28.0,€5.23m,35.0,-29330000.0
Newcastle,38,21,8,9,22,2001,71,20.0,74,30.0,52,2.0,€66.14m,32.0,€1.11m,35.0,-65019999.0
Newcastle,38,14,9,15,-6,2000,51,-1.0,44,-19.0,50,-4.0,€57.50m,39.0,€27.27m,43.0,-30220000.0
Newcastle,38,14,10,14,9,1999,52,6.0,63,15.0,54,-0.0,€53.16m,44.0,€47.84m,41.0,-5330000.0
Newcastle,38,11,13,14,-6,1998,46,2.0,48,13.0,54,10.0,€68.88m,47.0,€51.75m,44.0,-17130000.0
Newcastle,38,11,11,16,-9,1997,44,-24.0,35,-38.0,44,4.0,€75.22m,54.0,€48.42m,39.0,-26800000.0
Newcastle,38,19,11,8,33,1996,68,-10.0,73,7.0,40,3.0,€51.59m,40.0,€26.58m,25.0,-25010000.0
Newcastle,38,24,6,8,29,1995,78,6.0,66,-1.0,37,-10.0,€50.20m,19.0,€17.79m,23.0,-32409999.0
Newcastle,42,20,12,10,20,1994,72,-5.0,67,-15.0,47,6.0,€43.08m,20.0,€20.35m,22.0,-22730000.0
Newcastle,42,23,8,11,41,1993,77,,82,,41,,€16.73m,24.0,€16.03m,25.0,-706000.0
Norwich,38,5,7,26,-61,2021,22,,23,-3.0,84,9.0,€78.55m,47.0,€42.47m,54.0,-36080000.0
Norwich,38,5,6,27,-49,2019,21,,26,-13.0,75,8.0,,,,,
Norwich,38,9,7,22,-28,2015,34,,39,11.0,67,5.0,€76.95m,51.0,€58.19m,48.0,-18760000.0
Norwich,38,8,9,21,-34,2013,33,-11.0,28,-13.0,62,4.0,€50.39m,47.0,€24.22m,48.0,-26180000.0
Norwich,38,10,14,14,-17,2012,44,-3.0,41,-11.0,58,-8.0,€41.13m,49.0,€5.22m,45.0,-35920000.0
Norwich,38,12,11,15,-14,2011,47,,52,10.0,66,-11.0,€26.33m,47.0,€880k,42.0,-25450000.0
Norwich,38,7,12,19,-35,2004,33,,42,5.0,77,23.0,€14.35m,38.0,€13.94m,36.0,-410000.0
Norwich,42,10,13,19,-17,1994,43,-10.0,37,-28.0,54,-7.0,,,,,
Norwich,42,12,17,13,4,1993,53,,65,,61,,€4.08m,21.0,€13.62m,20.0,9540000.0
Nottm Forest,38,9,9,20,-18,2023,32,-6.0,49,11.0,67,-1.0,€131.05m,44.0,€87.32m,51.0,-43730000.0
Nottm Forest,38,9,11,18,-30,2022,38,,38,3.0,68,-1.0,€325.60m,77.0,€87.82m,67.0,-237780000.0
Nottm Forest,38,7,9,22,-34,1998,30,,35,4.0,69,10.0,€19.79m,52.0,€24.78m,52.0,4990000.0
Nottm Forest,38,6,16,16,-28,1996,34,-24.0,31,-19.0,59,5.0,€17.16m,42.0,€5.20m,42.0,-11970000.0
Nottm Forest,38,15,13,10,-4,1995,58,-19.0,50,-22.0,54,11.0,€13.53m,37.0,€15.41m,31.0,1880000.0
Nottm Forest,42,22,11,9,29,1994,77,,72,,43,,€10.54m,22.0,€14.95m,20.0,4400000.0
Oldham,42,9,13,20,-26,1993,40,,42,,68,,,,,,
Portsmouth,38,7,7,24,-32,2009,19,-22.0,34,-4.0,66,9.0,€10.56m,57.0,€68.23m,70.0,57670000.0
Portsmouth,38,10,11,17,-19,2008,41,-16.0,38,-10.0,57,17.0,€38.76m,61.0,€106.20m,59.0,67440000.0
Portsmouth,38,16,9,13,8,2007,57,3.0,48,3.0,40,-2.0,€86.84m,56.0,€77.53m,49.0,-9320000.0
Portsmouth,38,14,12,12,3,2006,54,16.0,45,8.0,42,-20.0,€67.74m,55.0,€24.63m,56.0,-43120000.0
Portsmouth,38,10,8,20,-25,2005,38,-1.0,37,-6.0,62,3.0,€27.88m,67.0,€13.40m,66.0,-14480000.0
Portsmouth,38,10,9,19,-16,2004,39,-6.0,43,-4.0,59,5.0,€29.63m,66.0,€18.75m,71.0,-10880000.0
Portsmouth,38,12,9,17,-7,2003,45,,47,,54,,€22.63m,64.0,€6.80m,73.0,-15830000.0
QPR,38,8,6,24,-31,2014,30,,42,12.0,73,13.0,€60.95m,76.0,€37.84m,75.0,-23110000.0
QPR,38,4,13,21,-30,2012,25,-12.0,30,-13.0,60,-6.0,€62.18m,82.0,€19.56m,86.0,-42620000.0
QPR,38,10,7,21,-23,2011,37,,43,5.0,66,9.0,€76.58m,84.0,€7.31m,87.0,-69270000.0
QPR,38,9,6,23,-19,1995,33,-27.0,38,-23.0,57,-2.0,€7.46m,26.0,€12.99m,28.0,5530000.0
QPR,42,17,9,16,2,1994,60,-0.0,61,-1.0,59,-2.0,€5.69m,20.0,€17.78m,23.0,12080000.0
QPR,42,16,12,14,1,1993,60,,62,,61,,,,,,
Reading,38,6,10,22,-30,2012,28,,43,2.0,73,7.0,€12.82m,48.0,€6.03m,51.0,-6790000.0
Reading,38,10,6,22,-25,2007,36,-19.0,41,-11.0,66,19.0,€14.86m,78.0,€22.60m,78.0,7740000.0
Reading,38,16,7,15,5,2006,55,,52,,47,,€20.93m,67.0,€5.70m,52.0,-15230000.0
Sheff Utd,38,3,7,28,-69,2023,16,,35,15.0,104,41.0,€66.95m,20.0,€30.90m,23.0,-36050000.0
Sheff Utd,38,7,2,29,-43,2020,23,-31.0,20,-19.0,63,24.0,€63.00m,32.0,€28.00m,38.0,-35000000.0
Sheff Utd,38,14,12,12,0,2019,54,,39,7.0,39,-16.0,€135.20m,39.0,€350k,40.0,-134850000.0
Sheff Utd,38,10,8,20,-23,2006,38,,32,-10.0,55,-5.0,€27.93m,83.0,€19.88m,86.0,-8050000.0
Sheff Utd,42,8,18,16,-18,1993,42,,42,,60,,,,,,
Sheff Wed,38,8,7,23,-32,1999,31,-15.0,38,-3.0,70,28.0,,,,,
Sheff Wed,38,13,7,18,-1,1998,46,2.0,41,-11.0,42,-25.0,€12.61m,34.0,€7.16m,36.0,-5450000.0
Sheff Wed,38,12,8,18,-15,1997,44,-13.0,52,2.0,67,16.0,€15.60m,39.0,€8.03m,34.0,-7570000.0
Sheff Wed,38,14,15,9,-1,1996,57,17.0,50,2.0,51,-10.0,€25.14m,38.0,€13.21m,28.0,-11930000.0
Sheff Wed,38,10,10,18,-13,1995,40,-11.0,48,-1.0,61,4.0,€26.91m,30.0,€14.61m,26.0,-12290000.0
Sheff Wed,42,13,12,17,-8,1994,51,-13.0,49,-27.0,57,3.0,€17.21m,22.0,€14.63m,25.0,-2570000.0
Sheff Wed,42,16,16,10,22,1993,64,,76,,54,,€11.86m,17.0,€13.57m,17.0,1710000.0
Southampton,38,6,7,25,-37,2022,25,-15.0,36,-7.0,73,6.0,€173.66m,33.0,€192.74m,39.0,19080000.0
Southampton,38,9,13,16,-24,2021,40,-3.0,43,-4.0,67,-1.0,€215.51m,31.0,€65.85m,28.0,-149660000.0
Southampton,38,12,7,19,-21,2020,43,-9.0,47,-4.0,68,8.0,€100.70m,33.0,€86.65m,32.0,-14050000.0
Southampton,38,15,7,16,-9,2019,52,13.0,51,6.0,60,-5.0,€98.80m,37.0,€53.60m,35.0,-45200000.0
Southampton,38,9,12,17,-20,2018,39,3.0,45,8.0,65,9.0,€123.75m,30.0,€53.40m,35.0,-70350000.0
Southampton,38,7,15,16,-19,2017,36,-10.0,37,-4.0,56,8.0,€123.50m,28.0,€124.45m,32.0,950000.0
Southampton,38,12,10,16,-7,2016,46,-17.0,41,-18.0,48,7.0,€130.15m,24.0,€183.40m,23.0,53250000.0
Southampton,38,18,9,11,18,2015,63,3.0,59,5.0,41,8.0,€129.00m,28.0,€137.75m,26.0,8750000.0
Southampton,38,18,6,14,21,2014,60,4.0,54,-0.0,33,-13.0,€156.10m,41.0,€176.53m,38.0,20430000.0
Southampton,38,15,11,12,8,2013,56,15.0,54,5.0,46,-14.0,€135.60m,40.0,€128.03m,44.0,-7570000.0
Southampton,38,9,14,15,-11,2012,41,,49,4.0,60,-6.0,€81.10m,44.0,€4.20m,48.0,-76900000.0
Southampton,38,6,14,18,-21,2004,32,-15.0,45,1.0,66,21.0,€16.53m,70.0,€41.43m,69.0,24900000.0
Southampton,38,12,11,15,-1,2003,47,-5.0,44,1.0,45,-1.0,€21.65m,54.0,€22.38m,51.0,725000.0
Southampton,38,13,13,12,-3,2002,52,7.0,43,-3.0,46,-8.0,€20.98m,36.0,€10.88m,38.0,-10100000.0
Southampton,38,12,9,17,-8,2001,45,-7.0,46,6.0,54,6.0,€31.35m,32.0,€14.45m,33.0,-16900000.0
Southampton,38,14,10,14,-8,2000,52,8.0,40,-5.0,48,-14.0,€19.35m,30.0,€14.60m,32.0,-4760000.0
Southampton,38,12,8,18,-17,1999,44,3.0,45,8.0,62,-2.0,,,,,
Southampton,38,11,8,19,-27,1998,41,-7.0,37,-13.0,64,9.0,€10.73m,39.0,€13.61m,34.0,2880000.0
Southampton,38,14,6,18,-5,1997,48,7.0,50,-0.0,55,-1.0,€16.18m,39.0,€18.03m,34.0,1860000.0
Southampton,38,10,11,17,-6,1996,41,3.0,50,16.0,56,4.0,€12.12m,37.0,€10.26m,38.0,-1860000.0
Southampton,38,9,11,18,-18,1995,38,-16.0,34,-27.0,52,-11.0,€5.48m,25.0,€5.25m,24.0,-230000.0
Southampton,42,12,18,12,-2,1994,54,11.0,61,12.0,63,-3.0,€5.53m,15.0,€3.12m,22.0,-2400000.0
Southampton,42,12,7,23,-17,1993,43,,49,,66,,€6.21m,22.0,€6.87m,27.0,665000.0
Stoke City,38,7,12,19,-33,2017,33,-11.0,35,-6.0,68,12.0,€120.60m,40.0,€65.29m,42.0,-55310000.0
Stoke City,38,11,11,16,-15,2016,44,-7.0,41,-0.0,56,1.0,€99.87m,32.0,€38.94m,30.0,-60930000.0
Stoke City,38,14,9,15,-14,2015,51,-3.0,41,-7.0,55,10.0,€95.82m,27.0,€27.00m,27.0,-68820000.0
Stoke City,38,15,9,14,3,2014,54,4.0,48,3.0,45,-7.0,€55.45m,31.0,€27.00m,33.0,-28450000.0
Stoke City,38,13,11,14,-7,2013,50,8.0,45,11.0,52,7.0,,,,,
Stoke City,38,9,15,14,-11,2012,42,-3.0,34,-2.0,45,-8.0,€30.68m,43.0,€640k,44.0,-30040000.0
Stoke City,38,11,12,15,-17,2011,45,-1.0,36,-10.0,53,5.0,€48.48m,49.0,€2.63m,50.0,-45860000.0
Stoke City,38,13,7,18,-2,2010,46,-1.0,46,12.0,48,-0.0,€45.90m,50.0,€8.76m,49.0,-37140000.0
Stoke City,38,11,14,13,-14,2009,47,2.0,34,-4.0,48,-7.0,€47.15m,47.0,€13.28m,46.0,-33880000.0
Stoke City,38,12,9,17,-17,2008,45,,38,,55,,€60.00m,47.0,€7.27m,42.0,-52740000.0
Sunderland,38,6,6,26,-40,2016,24,-15.0,29,-19.0,69,7.0,€43.31m,47.0,€56.91m,50.0,13610000.0
Sunderland,38,9,12,17,-14,2015,39,1.0,48,17.0,62,9.0,€107.95m,54.0,€34.77m,48.0,-73180000.0
Sunderland,38,7,17,14,-22,2014,38,-0.0,31,-10.0,53,-7.0,€88.57m,50.0,€18.25m,56.0,-70320000.0
Sunderland,38,10,8,20,-19,2013,38,-1.0,41,-0.0,60,6.0,€56.43m,57.0,€29.63m,64.0,-26800000.0
Sunderland,38,9,12,17,-13,2012,39,-6.0,41,-4.0,54,8.0,€72.21m,62.0,€37.21m,63.0,-35010000.0
Sunderland,38,11,12,15,-1,2011,45,-2.0,45,-0.0,46,-10.0,€66.22m,61.0,€41.15m,62.0,-25070000.0
Sunderland,38,12,11,15,-11,2010,47,3.0,45,-3.0,56,-0.0,€57.02m,66.0,€68.10m,63.0,11080000.0
Sunderland,38,11,11,16,-8,2009,44,8.0,48,14.0,56,2.0,€66.10m,55.0,€63.05m,60.0,-3050000.0
Sunderland,38,9,9,20,-20,2008,36,-3.0,34,-2.0,54,-5.0,€70.11m,58.0,€32.43m,63.0,-37690000.0
Sunderland,38,11,6,21,-23,2007,39,,36,10.0,59,-10.0,€97.43m,65.0,€14.35m,55.0,-83080000.0
Sunderland,38,3,6,29,-43,2005,15,,26,5.0,69,4.0,€22.03m,55.0,€11.80m,61.0,-10230000.0
Sunderland,38,4,7,27,-44,2002,19,-21.0,21,-8.0,65,14.0,€29.96m,53.0,€23.83m,51.0,-6130000.0
Sunderland,38,10,10,18,-22,2001,40,-17.0,29,-17.0,51,10.0,€59.43m,39.0,€12.89m,34.0,-46550000.0
Sunderland,38,15,12,11,5,2000,57,-1.0,46,-11.0,41,-15.0,€46.34m,34.0,€18.41m,40.0,-27930000.0
Sunderland,38,16,10,12,1,1999,58,,57,22.0,56,3.0,€33.56m,48.0,€17.63m,50.0,-15940000.0
Sunderland,38,10,10,18,-18,1996,40,,35,,53,,€12.19m,30.0,€2.06m,28.0,-10130000.0
Swansea,38,8,9,21,-28,2017,33,-8.0,28,-17.0,56,-14.0,,,,,
Swansea,38,12,5,21,-25,2016,41,-6.0,45,3.0,70,18.0,,,,,
Swansea,38,12,11,15,-10,2015,47,-9.0,42,-4.0,52,3.0,,,,,
Swansea,38,16,8,14,-3,2014,56,14.0,46,-8.0,49,-5.0,,,,,
Swansea,38,11,9,18,0,2013,42,-4.0,54,7.0,54,3.0,,,,,
Swansea,38,11,13,14,-4,2012,46,-1.0,47,3.0,51,-0.0,,,,,
Swansea,38,12,11,15,-7,2011,47,,44,,51,,,,,,
Swindon,42,5,15,22,-53,1993,30,,47,,100,,€4.80m,18.0,€5.98m,17.0,1180000.0
Tottenham,38,20,6,12,13,2023,66,6.0,74,4.0,61,-2.0,€282.10m,32.0,€120.70m,23.0,-161400000.0
Tottenham,38,18,6,14,7,2022,60,-11.0,70,1.0,63,23.0,€452.00m,41.0,€159.45m,35.0,-292550000.0
Tottenham,38,22,5,11,29,2021,71,9.0,69,1.0,40,-5.0,€275.80m,29.0,€73.37m,33.0,-202430000.0
Tottenham,38,18,8,12,23,2020,62,3.0,68,7.0,45,-2.0,€206.40m,29.0,€47.92m,30.0,-158480000.0
Tottenham,38,16,11,11,14,2019,59,-12.0,61,-6.0,47,8.0,€261.00m,27.0,€77.80m,25.0,-183200000.0
Tottenham,38,23,2,13,28,2018,71,-6.0,67,-7.0,39,3.0,€150.50m,16.0,€69.85m,18.0,-80650000.0
Tottenham,38,23,8,7,38,2017,77,-9.0,74,-12.0,36,10.0,€121.00m,19.0,€109.15m,16.0,-11850000.0
Tottenham,38,26,8,4,60,2016,86,16.0,86,17.0,26,-9.0,€204.50m,23.0,€156.10m,20.0,-48400000.0
Tottenham,38,19,13,6,34,2015,70,6.0,69,11.0,35,-18.0,€154.50m,19.0,€139.55m,29.0,-14950000.0
Tottenham,38,19,7,12,5,2014,64,-5.0,58,3.0,53,2.0,€119.48m,31.0,€131.40m,45.0,11920000.0
Tottenham,38,21,6,11,4,2013,69,-3.0,55,-11.0,51,5.0,€171.03m,50.0,€182.55m,52.0,11520000.0
Tottenham,38,21,9,8,20,2012,72,3.0,66,-0.0,46,5.0,€195.80m,59.0,€211.18m,62.0,15380000.0
Tottenham,38,20,9,9,25,2011,69,7.0,66,11.0,41,-5.0,€82.25m,65.0,€116.03m,70.0,33780000.0
Tottenham,38,16,14,8,9,2010,62,-8.0,55,-12.0,46,5.0,€35.60m,75.0,€46.19m,69.0,10590000.0
Tottenham,38,21,7,10,26,2009,70,19.0,67,22.0,41,-4.0,€66.90m,71.0,€34.64m,64.0,-32270000.0
Tottenham,38,14,9,15,0,2008,51,5.0,45,-21.0,45,-16.0,€184.25m,66.0,€119.75m,66.0,-64500000.0
Tottenham,38,11,13,14,5,2007,46,-14.0,66,9.0,61,7.0,€238.10m,60.0,€110.60m,56.0,-127500000.0
Tottenham,38,17,9,12,3,2006,60,-5.0,57,4.0,54,16.0,€155.15m,45.0,€61.20m,43.0,-93950000.0
Tottenham,38,18,11,9,15,2005,65,13.0,53,6.0,38,-3.0,€97.51m,44.0,€64.10m,47.0,-33409999.0
Tottenham,38,14,10,14,6,2004,52,7.0,47,-0.0,41,-16.0,€83.64m,62.0,€35.95m,59.0,-47690000.0
Tottenham,38,13,6,19,-10,2003,45,-5.0,47,-4.0,57,-5.0,€76.88m,54.0,€12.25m,56.0,-64629999.0
Tottenham,38,14,8,16,-11,2002,50,-0.0,51,2.0,62,9.0,€40.25m,40.0,€3.10m,44.0,-37150000.0
Tottenham,38,14,8,16,-4,2001,50,1.0,49,2.0,53,-1.0,€38.55m,33.0,€11.10m,31.0,-27450000.0
Tottenham,38,13,10,15,-7,2000,49,-4.0,47,-10.0,54,5.0,€53.79m,18.0,€12.21m,20.0,-41590000.0
Tottenham,38,15,8,15,8,1999,53,6.0,57,10.0,49,-1.0,€42.74m,23.0,€4.26m,28.0,-38490000.0
Tottenham,38,11,14,13,-3,1998,47,3.0,47,3.0,50,-6.0,€26.78m,31.0,€2.63m,32.0,-24150000.0
Tottenham,38,11,11,16,-12,1997,44,-2.0,44,-0.0,56,5.0,€27.48m,31.0,€6.61m,32.0,-20870000.0
Tottenham,38,13,7,18,-7,1996,46,-15.0,44,-6.0,51,13.0,€25.95m,32.0,€7.46m,33.0,-18490000.0
Tottenham,38,16,13,9,12,1995,61,-1.0,50,-16.0,38,-20.0,€21.62m,38.0,€15.88m,35.0,-5740000.0
Tottenham,42,16,14,12,8,1994,62,17.0,66,12.0,58,-1.0,€22.72m,38.0,€14.30m,37.0,-8430000.0
Tottenham,42,11,12,19,-5,1993,45,,54,,59,,€13.77m,34.0,€7.17m,37.0,-6600000.0
Watford,38,6,5,27,-43,2021,23,,34,-2.0,77,13.0,€62.31m,61.0,€73.68m,62.0,11370000.0
Watford,38,8,10,20,-28,2019,34,-16.0,36,-16.0,64,5.0,€56.00m,49.0,€95.90m,46.0,39900000.0
Watford,38,14,8,16,-7,2018,50,9.0,52,8.0,59,-5.0,€86.10m,47.0,€77.24m,48.0,-8860000.0
Watford,38,11,8,19,-20,2017,41,1.0,44,4.0,64,-4.0,€103.50m,58.0,€70.58m,57.0,-32920000.0
Watford,38,11,7,20,-28,2016,40,-5.0,40,-0.0,68,18.0,€143.85m,61.0,€76.84m,62.0,-67010000.0
Watford,38,12,9,17,-10,2015,45,,40,11.0,50,-9.0,€153.25m,62.0,€67.85m,62.0,-85400000.0
Watford,38,5,13,20,-30,2006,28,,29,-6.0,59,-18.0,€20.90m,58.0,€22.80m,51.0,1900000.0
Watford,38,6,6,26,-42,1999,24,,35,,77,,,,,,
West Brom,38,5,11,22,-41,2020,26,,35,4.0,76,20.0,€50.77m,37.0,€29.18m,43.0,-21590000.0
West Brom,38,6,13,19,-25,2017,31,-14.0,31,-12.0,56,5.0,€68.69m,38.0,€28.65m,35.0,-40040000.0
West Brom,38,12,9,17,-8,2016,45,2.0,43,9.0,51,3.0,€91.40m,30.0,€29.03m,25.0,-62380000.0
West Brom,38,10,13,15,-14,2015,43,-1.0,34,-4.0,48,-3.0,€80.80m,25.0,€39.90m,27.0,-40910000.0
West Brom,38,11,11,16,-13,2014,44,8.0,38,-5.0,51,-8.0,€67.78m,28.0,€15.22m,33.0,-52560000.0
West Brom,38,7,15,16,-16,2013,36,-13.0,43,-10.0,59,2.0,€40.58m,32.0,€13.70m,36.0,-26880000.0
West Brom,38,14,7,17,-4,2012,49,2.0,53,8.0,57,5.0,€20.70m,32.0,€15.13m,34.0,-5580000.0
West Brom,38,13,8,17,-7,2011,47,-0.0,45,-11.0,52,-19.0,€14.14m,41.0,€14.85m,44.0,707000.0
West Brom,38,12,11,15,-15,2010,47,,56,20.0,71,4.0,€22.97m,53.0,€11.97m,51.0,-11000000.0
West Brom,38,8,8,22,-31,2008,32,,36,5.0,67,9.0,€31.55m,43.0,€15.06m,46.0,-16489999.0
West Brom,38,7,9,22,-27,2005,30,-4.0,31,-5.0,58,-3.0,€18.15m,33.0,€11.63m,34.0,-6530000.0
West Brom,38,6,16,16,-25,2004,34,,36,7.0,61,-4.0,€31.15m,34.0,€11.03m,41.0,-20130000.0
West Brom,38,6,8,24,-36,2002,26,,29,,65,,€22.28m,33.0,€2.32m,28.0,-19960000.0
West Ham,38,14,10,14,-14,2023,52,12.0,60,18.0,74,19.0,€144.56m,16.0,€181.36m,14.0,36800000.0
West Ham,38,11,7,20,-13,2022,40,-16.0,42,-18.0,55,4.0,€331.16m,24.0,€191.91m,25.0,-139250000.0
West Ham,38,16,8,14,9,2021,56,-9.0,60,-2.0,51,4.0,€261.10m,22.0,€25.79m,21.0,-235320000.0
West Ham,38,19,8,11,15,2020,65,26.0,62,13.0,47,-15.0,€129.20m,26.0,€49.65m,25.0,-79560000.0
West Ham,38,10,9,19,-13,2019,39,-13.0,49,-3.0,62,7.0,€174.50m,26.0,€101.14m,34.0,-73360000.0
West Ham,38,15,7,16,-3,2018,52,10.0,52,4.0,55,-13.0,€220.70m,28.0,€69.50m,30.0,-151210000.0
West Ham,38,10,12,16,-20,2017,42,-3.0,48,1.0,68,4.0,€157.70m,33.0,€77.79m,38.0,-79910000.0
West Ham,38,12,9,17,-17,2016,45,-17.0,47,-18.0,64,13.0,€140.30m,37.0,€105.02m,40.0,-35280000.0
West Ham,38,16,14,8,14,2015,62,15.0,65,21.0,51,4.0,€136.20m,47.0,€59.52m,41.0,-76690000.0
West Ham,38,12,11,15,-3,2014,47,7.0,44,4.0,47,-4.0,€87.85m,50.0,€22.92m,52.0,-64940000.0
West Ham,38,11,7,20,-11,2013,40,-6.0,40,-5.0,51,-2.0,€59.15m,49.0,€4.93m,45.0,-54220000.0
West Ham,38,12,10,16,-8,2012,46,,45,2.0,53,-17.0,€47.90m,48.0,€5.58m,47.0,-42320000.0
West Ham,38,7,12,19,-27,2010,33,-2.0,43,-4.0,70,4.0,€30.11m,54.0,€15.15m,54.0,-14960000.0
West Ham,38,8,11,19,-19,2009,35,-16.0,47,5.0,66,21.0,€39.68m,40.0,€46.25m,44.0,6580000.0
West Ham,38,14,9,15,-3,2008,51,2.0,42,-0.0,45,-5.0,€37.65m,49.0,€110.13m,51.0,72480000.0
West Ham,38,13,10,15,-8,2007,49,8.0,42,7.0,50,-9.0,€63.15m,45.0,€110.83m,42.0,47680000.0
West Ham,38,12,5,21,-24,2006,41,-14.0,35,-17.0,59,4.0,€117.00m,41.0,€48.75m,40.0,-68250000.0
West Ham,38,16,7,15,-3,2005,55,,52,10.0,55,-4.0,€91.44m,55.0,€7.30m,53.0,-84140000.0
West Ham,38,10,12,16,-17,2002,42,-11.0,42,-6.0,59,2.0,€3.25m,52.0,€42.18m,55.0,38930000.0
West Ham,38,15,8,15,-9,2001,53,11.0,48,3.0,57,7.0,€22.46m,30.0,€18.20m,37.0,-4260000.0
West Ham,38,10,12,16,-5,2000,42,-13.0,45,-7.0,50,-3.0,€40.71m,37.0,€60.53m,47.0,19820000.0
West Ham,38,15,10,13,-1,1999,55,-2.0,52,6.0,53,-0.0,€27.62m,59.0,€53.60m,58.0,25980000.0
West Ham,38,16,9,13,-7,1998,57,1.0,46,-10.0,53,-4.0,€20.11m,59.0,€30.21m,49.0,10100000.0
West Ham,38,16,8,14,-1,1997,56,14.0,56,17.0,57,9.0,€23.74m,46.0,€21.01m,36.0,-2730000.0
West Ham,38,10,12,16,-9,1996,42,-9.0,39,-4.0,48,-4.0,€27.40m,42.0,€4.26m,39.0,-23140000.0
West Ham,38,14,9,15,-9,1995,51,1.0,43,-1.0,52,4.0,€19.52m,45.0,€7.34m,44.0,-12190000.0
West Ham,42,13,11,18,-4,1994,50,-2.0,44,-3.0,48,-10.0,€13.10m,42.0,€7.34m,36.0,-5760000.0
West Ham,42,13,13,16,-11,1993,52,,47,,58,,€10.39m,35.0,€4.88m,33.0,-5510000.0
Wigan,38,9,9,20,-26,2012,36,-7.0,47,5.0,73,11.0,€16.94m,57.0,€37.66m,59.0,20720000.0
Wigan,38,11,10,17,-20,2011,43,1.0,42,2.0,62,1.0,€22.91m,44.0,€24.54m,38.0,1630000.0
Wigan,38,9,15,14,-21,2010,42,6.0,40,3.0,61,-18.0,€23.78m,46.0,€14.69m,36.0,-9090000.0
Wigan,38,9,9,20,-42,2009,36,-9.0,37,3.0,79,34.0,€29.84m,41.0,€29.38m,39.0,-455000.0
Wigan,38,12,9,17,-11,2008,45,5.0,34,-0.0,45,-6.0,€42.54m,40.0,€50.48m,44.0,7950000.0
Wigan,38,10,10,18,-17,2007,40,2.0,34,-3.0,51,-8.0,€42.00m,47.0,€42.33m,47.0,325000.0
Wigan,38,10,8,20,-22,2006,38,-13.0,37,-8.0,59,7.0,€47.28m,48.0,€42.15m,46.0,-5130000.0
Wigan,38,15,6,17,-7,2005,51,,45,,52,,€45.15m,41.0,€29.95m,43.0,-15200000.0
Wimbledon,38,7,12,19,-28,1999,33,-9.0,46,6.0,74,11.0,,,,,
Wimbledon,38,10,12,16,-23,1998,42,-2.0,40,6.0,63,17.0,,,,,
Wimbledon,38,10,14,14,-12,1997,44,-12.0,34,-15.0,46,-0.0,,,,,
Wimbledon,38,15,11,12,3,1996,56,15.0,49,-6.0,46,-24.0,,,,,
Wimbledon,38,10,11,17,-15,1995,41,-15.0,55,7.0,70,5.0,,,,,
Wimbledon,42,15,11,16,-17,1994,56,-9.0,48,-8.0,65,12.0,,,,,
Wimbledon,42,18,11,13,3,1993,65,,56,,53,,,,,,
Wolves,38,13,7,18,-15,2023,46,5.0,50,19.0,65,7.0,€88.00m,34.0,€169.20m,34.0,81200000.0
Wolves,38,11,8,19,-27,2022,41,-10.0,31,-7.0,58,15.0,€265.11m,58.0,€232.07m,61.0,-33040000.0
Wolves,38,15,6,17,-5,2021,51,6.0,38,2.0,43,-9.0,€214.71m,58.0,€94.67m,50.0,-120040000.0
Wolves,38,12,9,17,-16,2020,45,-14.0,36,-15.0,52,12.0,€125.19m,47.0,€111.00m,46.0,-14190000.0
Wolves,38,15,14,9,11,2019,59,2.0,51,4.0,40,-6.0,€204.29m,49.0,€103.30m,50.0,-100990000.0
Wolves,38,16,9,13,1,2018,57,,47,7.0,46,-36.0,€229.45m,63.0,€47.40m,72.0,-182050000.0
Wolves,38,5,10,23,-42,2011,25,-15.0,40,-6.0,82,16.0,€27.38m,63.0,€32.77m,64.0,5390000.0
Wolves,38,11,7,20,-20,2010,40,2.0,46,14.0,66,10.0,€32.27m,57.0,€9.04m,57.0,-23230000.0
Wolves,38,9,11,18,-24,2009,38,,32,-6.0,56,-21.0,€39.67m,60.0,€7.31m,51.0,-32360000.0
Wolves,38,7,12,19,-39,2003,33,,38,,77,,€13.90m,46.0,€1.37m,41.0,-12540000.0
